ka+,ㄍㄚˋ
kãŋ+,ㄍㄤˋ
kẽn+,ㄍㄣˇ
ki+,ㄍㄜˋ
kĩŋ,ㄍㄥˋ
ku+,ㄍㄨˋ
kũŋ+,ㄍㄨㄥˋ
kỹn+,ㄍㄨㄣˋ
ke+,ㄍㄟˇ
kẽŋ+,ㄍㄥˋ
ko+,ㄍㄡˋ
kɔ+,ㄍㄡˋ
kõŋ+,ㄍㄨㄥˋ
kɔ̃ŋ-,ㄍㄨㄥˋ
kø+,ㄍㄜˋ
ca+,ㄐㄧㄚˋ
cãŋ+,ㄐㄧㄤˋ
ci+,ㄐㄧˋ
cĩŋ,ㄐㄧㄥˋ
cĩn+,ㄐㄧㄣˋ
cu+,ㄐㄧㄡˋ
cũŋ+,ㄐㄩㄥˇ
ce+,ㄐㄧㄝˋ
co+,ㄐㄧㄡˋ
cɔ+,ㄐㄧㄡˋ
cõŋ+,ㄐㄩㄥˉ
ʈa+,ㄓㄚˋ
ʈãŋ+,ㄓㄤˋ
ʈe+,ㄓㄜˋ
ʈu+,ㄓㄨˋ
ʈũŋ+,ㄓㄨㄥˋ
ʈõŋ+,ㄓㄨㄥˋ
la+,ㄌㄚˋ
le+,ㄌㄟˋ
lẽn+,ㄌㄥˋ
lu+,ㄌㄩˋ
lũŋ+,ㄌㄨㄥˋ
lo+,ㄌㄡˋ
lɔ+,ㄌㄡˋ
lõŋ+,ㄌㄨㄥˋ
kø̃n+,ㄍㄨㄣˋ
cy+,ㄐㄧㄡˋ
ʈi+,ㄓㄜˋ
ky+,ㄍㄨˋ
cø̃n+,ㄐㄩㄢˋ
ʈy+,ㄓㄨˋ
ʈẽn+,ㄓㄣˋ
ʈø+,ㄓㄜˋ
cẽn+,ㄐㄧㄢˋ
cẽŋ+,ㄐㄧㄢˋ
cø+,ㄐㄧㄡˋ
ʈỹn+,ㄓㄨㄣˉ
ɟa+,ㄐㄧㄚˋ
ɟãŋ+,ㄐㄧㄤˋ
ɟe+,ㄐㄧㄝˋ
ɟi+,ㄐㄧˋ
ɟũŋ+,ㄐㄩㄥˉ
ɟy+,ㄐㄩˋ
ɟø+,ㄐㄧㄡˋ
ɟø̃n+,ㄐㄩㄢˋ
kʰa+,ㄎㄚˉ
kʰãŋ+,ㄎㄤˋ
kʰe+,ㄎㄜˋ
kʰẽn+,ㄎㄣˇ
kʰi+,ㄎㄜˋ
kʰu+,ㄎㄨˋ
kʰũŋ+,ㄎㄨㄥˋ
kʰy+,ㄎㄨˋ
kʰỹn+,ㄎㄨㄣˋ
kʰẽŋ+,ㄎㄥˉ
kʰo+,ㄎㄡˋ
kʰɔ+,ㄎㄡˋ
kʰõŋ+,ㄎㄨㄥˋ
kʰɔ̃ŋ+,ㄎㄨㄥˋ
kʰø+,ㄎㄜˋ
kʰø̃n+,ㄎㄣˇ
cʰa+,ㄑㄧㄚˋ
cʰãŋ+,ㄑㄧㄤˋ
cʰe+,ㄑㄧㄝˋ
cʰi+,ㄑㄧˋ
cʰĩŋ+,ㄑㄧㄥˋ
cʰu+,ㄑㄧㄡˉ
cʰũŋ+,ㄑㄩㄥˉ
cʰy+,ㄑㄩˋ
cʰẽŋ+,ㄑㄧㄢˋ
cʰo+,ㄑㄧㄡˉ
cʰɔ+,ㄑㄧㄡˉ
cʰø+,ㄑㄧㄡˉ
cʰø̃n+,ㄑㄩㄢˋ
ʈʰa+,ㄔㄚˋ
ʈʰãŋ+,ㄔㄤˋ
ʈʰe+,ㄔㄨㄟˋ
ʈʰi+,ㄔˋ
ʈʰu+,ㄔㄨˋ
ʈʰũŋ+,ㄔㄨㄥˋ
ʈʰy+,ㄔˋ
ʈʰỹn+,ㄔㄨㄣˉ
ʈʰẽn+,ㄔㄣˋ
ʈʰo+,ㄔㄨㄛˋ
ʈʰɔ+,ㄔㄨㄛˋ
ʈʰõŋ+,ㄔㄨㄥˋ
ʈʰø+,ㄔㄜˋ
ʈʰø̃n+,ㄔㄣˋ
cʰẽn+,ㄑㄧㄢˋ
cʰỹn+,ㄑㄩㄣˊ
cʰõŋ+,ㄑㄩㄥˉ
lãŋ+,ㄌㄤˋ
lĩŋ,ㄌㄧㄥˋ
ly+,ㄌㄩˋ
lẽŋ+,ㄌㄥˋ
lø+,ㄌㄜˋ
lø̃n+,ㄌㄥˋ
ŋãŋ+,ㄤˋ
ŋẽn+,ㄣˉ
ŋy+,ㄩˋ
ŋo+,ㄡˋ
ŋõŋ+,ㄨㄥˋ
ŋɔ+,ㄡˋ
ŋø+,ㄜˋ
ŋa+,ㄚˋ
ŋø̃n+,ㄣˉ
ŋe+,ㄝˋ
ŋu+,ㄨˋ
ŋỹn+,ㄩㄣˋ
ʈ͡ʂa+,ㄐㄧㄚˋ
ʈ͡ʂãŋ+,ㄐㄧㄤˋ
ʈ͡ʂẽn+,ㄐㄧㄢˋ
ʈ͡ʂe+,ㄐㄧㄝˋ
ʈ͡ʂi+,ㄐㄧˋ
ʈ͡ʂĩŋ,ㄐㄧㄥˋ
ʈ͡ʂu+,ㄐㄧㄡˋ
ʈ͡ʂũŋ+,ㄐㄩㄥˇ
ʈ͡ʂy+,ㄐㄩˋ
ʈ͡ʂo+,ㄐㄧㄡˋ
ʈ͡ʂɔ+,ㄐㄧㄡˋ
ʈ͡ʂõŋ+,ㄐㄩㄥˉ
ʈ͡ʂɔ̃ŋ+,ㄐㄩㄥˉ
ʈ͡ʂø+,ㄐㄧㄡˋ
ʈ͡ʂĩn+,ㄐㄧㄣˋ
ʈ͡ʂỹn+,ㄐㄩㄣˋ
ʈ͡ʂʰa+,ㄑㄧㄚˋ
ʈ͡ʂʰãŋ+,ㄑㄧㄤˋ
ʈ͡ʂʰe+,ㄑㄧㄝˋ
ʈ͡ʂʰẽn+,ㄑㄧㄢˋ
ʈ͡ʂʰẽŋ+,ㄑㄧㄢˋ
ʈ͡ʂʰi+,ㄑㄧˋ
ʈ͡ʂʰĩŋ,ㄑㄧㄥˋ
ʈ͡ʂʰĩn+,ㄑㄧㄣˋ
ʈ͡ʂʰu+,ㄑㄧㄡˉ
ʈ͡ʂʰũ+,ㄑㄧㄡˉ
ʈ͡ʂʰũŋ+,ㄑㄩㄥˉ
ʈ͡ʂʰy+,ㄑㄩˋ
ʈ͡ʂʰỹn+,ㄑㄩㄣˊ
ʈ͡ʂʰo+,ㄑㄧㄡˉ
ʈ͡ʂʰɔ+,ㄑㄧㄡˉ
ʈ͡ʂʰõŋ+,ㄑㄩㄥˉ
ʈ͡ʂʰø+,ㄑㄧㄡˉ
ʈ͡ʂʰø̃n+,ㄑㄩㄢˋ
ɲãŋ+,ㄋㄧㄤˋ
ɲẽn+,ㄋㄧㄢˋ
ɲa+,ㄋㄚˋ
ɲi+,ㄋㄧˋ
ɲe+,ㄋㄧㄝˋ
ɲõŋ+,ㄋㄧㄡˋ
ɲɔ̃ŋ+,ㄋㄧㄡˋ
ɲø+,ㄋㄧㄡˋ
ɲĩŋ,ㄋㄧㄥˋ
ɲø̃n+,ㄋㄧㄡˋ
ɲu+,ㄋㄧㄡˋ
ɲũŋ+,ㄋㄧㄡˋ
ɲỹn+,ㄋㄧㄡˋ
ɲẽŋ+,ㄋㄧㄢˋ
ta+,ㄉㄚˋ
tãŋ+,ㄉㄤˋ
tẽn+,ㄉㄥˋ
ti+,ㄉㄧˋ
tĩ+,ㄉㄧˋ
tĩŋ,ㄉㄧㄥˋ
tĩn+,ㄉㄧㄥˋ
tu+,ㄉㄨˋ
tũŋ+,ㄉㄨㄥˋ
te+,ㄉㄟˋ
to+,ㄉㄡˋ
tɔ+,ㄉㄡˋ
tõŋ+,ㄉㄨㄥˋ
tø̃ŋ+,ㄉㄨㄥˋ
tø̃n+,ㄉㄥˋ
ʈø̃n+,ㄓㄣˋ
tỹn+,ㄉㄨㄣˋ
tẽŋ+,ㄉㄥˋ
tø+,ㄉㄡˋ
ty+,ㄉㄨˋ
tʰa+,ㄊㄚˋ
tʰãŋ+,ㄊㄤˋ
tʰe+,ㄊㄧㄝˉ
tʰẽn+,ㄊㄢˋ
tʰẽŋ+,ㄊㄧㄢˉ
tʰi+,ㄊㄧˋ
tʰĩŋ,ㄊㄧㄥˉ
tʰu+,ㄊㄨˋ
tʰũŋ+,ㄊㄨㄥˋ
tʰy+,ㄊㄨˋ
tʰỹn+,ㄊㄨㄣˉ
tʰo+,ㄊㄡˋ
tʰɔ+,ㄊㄡˋ
tʰõŋ+,ㄊㄨㄥˋ
tʰø+,ㄊㄜˋ
tʰø̃n+,ㄊㄥˊ
nãŋ+,ㄋㄤˋ
ne+,ㄋㄟˋ
na+,ㄋㄚˋ
nõŋ+,ㄋㄨㄥˋ
nø+,ㄋㄜˉ
nø̃n+,ㄋㄣˋ
nẽn+,ㄋㄣˋ
no+,ㄋㄨㄛˋ
nɔ+,ㄋㄨㄛˋ
ny+,ㄋㄩˇ
nỹn+,ㄋㄣˋ
nu+,ㄋㄨˋ
pa+,ㄅㄚˋ
pãŋ+,ㄅㄤˋ
pe+,ㄅㄟˋ
pi+,ㄅㄧˋ
pĩŋ,ㄅㄧㄥˋ
pu+,ㄅㄨˋ
py+,ㄅㄧˋ
po+,ㄅㄛˋ
pɔ+,ㄅㄛˋ
pø+,ㄅㄛˋ
pũŋ+,ㄅㄥˋ
pẽn+,ㄅㄣˋ
põŋ+,ㄅㄥˋ
pɔ̃ŋ+,ㄅㄥˋ
pø̃n+,ㄅㄣˋ
pỹn+,ㄅㄧㄣˋ
ʈ͡ʂø̃n+,ㄐㄧㄢˋ
ʈĩŋ,ㄓㄥˋ
ʈĩn+,ㄓㄣˋ
ʈo+,ㄓㄡˋ
ʈɔ+,ㄓㄡˋ
pʰa+,ㄆㄚˋ
pʰãŋ+,ㄆㄤˋ
pʰe+,ㄆㄟˋ
pʰẽn+,ㄆㄣˉ
pʰẽŋ+,ㄆㄣˉ
pʰi+,ㄆㄧˋ
pʰĩŋ,ㄆㄧㄥˋ
pʰĩn+,ㄆㄧㄣˋ
pʰu+,ㄆㄨˋ
pʰũŋ+,ㄆㄥˋ
pʰy+,ㄆㄧˋ
pʰỹn+,ㄆㄣˉ
pʰo+,ㄆㄛˋ
pʰɔ+,ㄆㄛˋ
pʰõŋ+,ㄆㄥˋ
pʰø+,ㄆㄛˋ
pʰø̃n+,ㄆㄣˉ
ʈʰĩn+,ㄔㄣˋ
ʈʰẽŋ+,ㄔㄥˋ
lỹn+,ㄌㄨㄣˋ
wãŋ+,ㄨㄤˋ
we+,ㄨㄟˋ
wa+,ㄨㄚˋ
u+,ㄨˋ
ũŋ+,ㄨㄥˋ
y+,ㄩˋ
ẽn+,ㄣˋ
o+,ㄡˋ
ɔ+,ㄡˋ
ø̃n+,ㄣˋ
ø+,ㄜˋ
jãŋ+,ㄧㄤˋ
ji+,ㄧˋ
jĩŋ,ㄧㄥˋ
ju+,ㄧㄡˋ
jũŋ+,ㄩㄥˋ
je+,ㄧㄝˋ
jẽn+,ㄧㄢˋ
ra+,ㄖㄤˋ
re+,ㄖㄜˋ
ri+,ㄖˋ
mãŋ+,ㄇㄤˊ
mẽn+,ㄇㄣˋ
ma+,ㄇㄚˉ
me+,ㄇㄟˋ
mu+,ㄇㄨˋ
mỹn+,ㄇㄣˋ
my+,ㄇㄧˋ
mø+,ㄇㄛˋ
mi+,ㄇㄧˋ
mo+,ㄇㄛˋ
mɔ+,ㄇㄛˋ
mõŋ+,ㄇㄥˋ
mø̃n+,ㄇㄣˋ
mĩn+,ㄇㄧㄣˇ
mẽŋ+,ㄇㄣˋ
ɲĩn+,ㄋㄧㄣˊ
ɲo+,ㄋㄧㄡˋ
ɲɔ+,ㄋㄧㄡˋ
t͡sa+,ㄘㄚˋ
t͡sãŋ+,ㄘㄤˉ
t͡sẽn+,ㄘㄣˉ
t͡si+,ㄘˋ
t͡sĩn+,ㄘㄣˉ
t͡su+,ㄘㄨˋ
t͡se+,ㄘㄨㄟˋ
t͡so+,ㄘㄨㄛˋ
t͡sɔ+,ㄘㄨㄛˋ
t͡sõŋ+,ㄘㄨㄥˋ
t͡sø+,ㄘㄜˋ
t͡sy+,ㄘㄨˋ
t͡sỹn+,ㄘㄨㄣˋ
t͡sø̃n+,ㄘㄨㄣˋ
t͡sĩŋ,ㄘㄥˋ
t͡sẽŋ+,ㄘㄥˋ
t͡sʰa+,ㄔㄚˋ
t͡sʰãŋ+,ㄔㄤˋ
t͡sʰe+,ㄔㄨㄟˋ
t͡sʰẽn+,ㄔㄣˋ
t͡sʰi+,ㄔˋ
t͡sʰu+,ㄔㄨˋ
t͡sʰy+,ㄔˋ
t͡sʰỹn+,ㄔㄨㄣˉ
t͡sʰo+,ㄔㄨㄛˋ
t͡sʰɔ+,ㄔㄨㄛˋ
t͡sʰõŋ+,ㄔㄨㄥˋ
t͡sʰø+,ㄔㄜˋ
t͡sʰø̃n+,ㄔㄣˋ
t͡sʰũŋ+,ㄔㄨㄥˋ
t͡sʰẽŋ+,ㄔㄥˋ
ja+,ㄧㄚˋ
jẽŋ+,ㄧㄢˋ
jo+,ㄧㄡˋ
jɔ+,ㄧㄡˋ
jø̃n+,ㄩㄣˋ
jø+,ㄧㄡˋ
li+,ㄌㄧˋ
ɕa+,ㄒㄧㄚˋ
ɕãŋ+,ㄒㄧㄤˋ
ɕe+,ㄒㄧㄝˋ
ɕẽn+,ㄒㄧㄢˋ
ɕi+,ㄒㄧˋ
ɕĩŋ,ㄒㄧㄥˋ
ɕĩn+,ㄒㄧㄣˋ
ɕu+,ㄒㄧㄡˋ
ɕũŋ+,ㄒㄩㄥˉ
ɕy+,ㄒㄩˋ
ɕỹn+,ㄒㄩㄣˋ
ɕo+,ㄒㄧㄡˋ
ɕɔ+,ㄒㄧㄡˋ
ɕõŋ+,ㄒㄩㄥˉ
ɕø+,ㄒㄧㄡˋ
ɕø̃n+,ㄒㄩㄢˋ
sa+,ㄙㄚˋ
sãŋ+,ㄙㄤˉ
se+,ㄙㄨㄟˋ
si+,ㄙˋ
sĩŋ,ㄙㄥˉ
su+,ㄙㄨˋ
sũŋ+,ㄙㄨㄥˋ
sy+,ㄙㄨˋ
sỹn+,ㄙㄨㄣˉ
sẽŋ+,ㄙㄥˉ
sẽn+,ㄙㄣˉ
so+,ㄙㄨㄛˉ
sɔ+,ㄙㄨㄛˉ
sõŋ+,ㄙㄨㄥˋ
sø+,ㄙㄜˋ
sø̃n+,ㄙㄣˉ
sĩn+,ㄙㄣˉ
ha+,ㄏㄚˉ
hãŋ+,ㄏㄤˋ
he+,ㄏㄟˋ
hẽn+,ㄏㄣˋ
hi+,ㄏㄜˋ
hĩn+,ㄏㄣˋ
hu+,ㄏㄨˋ
hũŋ+,ㄏㄨㄥˋ
hy+,ㄏㄨˋ
ho+,ㄏㄡˋ
hɔ+,ㄏㄡˋ
hõŋ+,ㄏㄨㄥˋ
hø̃n+,ㄏㄣˋ
ʂa+,ㄕㄚˋ
ʂãŋ+,ㄕㄤˋ
ʂe+,ㄕㄟˊ
ʂĩŋ,ㄕㄥˋ
ʂy+,ㄕㄨˋ
ʂẽŋ+,ㄕㄥˋ
l̥ʰa+,ㄌㄚˋ
l̥ʰãŋ+,ㄌㄤˋ
l̥ʰe+,ㄌㄟˋ
l̥ʰẽn+,ㄌㄥˋ
l̥ʰĩŋ,ㄌㄧㄥˋ
l̥ʰu+,ㄌㄨˋ
l̥ʰũŋ+,ㄌㄨㄥˋ
l̥ʰỹn+,ㄌㄨㄣˋ
l̥ʰy+,ㄌㄩˋ
l̥ʰo+,ㄌㄡˋ
l̥ʰɔ+,ㄌㄡˋ
l̥ʰõŋ+,ㄌㄨㄥˋ
l̥ʰø+,ㄌㄜˋ
l̥ʰø̃n+,ㄌㄥˋ
a+,ㄚˋ
ãŋ+,ㄤˋ
i+,ㄧˋ
ĩn+,ㄧㄣˋ
e+,ㄝˋ
õŋ+,ㄨㄥˋ
ka-,ㄍㄚˇ
kãŋ-,ㄍㄤˇ
ki-,ㄍㄜˇ
kĩn-,ㄍㄣˇ
ku-,ㄍㄨˇ
kũŋ-,ㄍㄨㄥˇ
ky-,ㄍㄨˇ
kỹn-,ㄍㄨㄣˇ
ke-,ㄍㄟˇ
ko-,ㄍㄡˇ
kɔ-,ㄍㄡˇ
kõŋ-,ㄍㄨㄥˇ
kø-,ㄍㄜˇ
ca-,ㄐㄧㄚˇ
cãŋ-,ㄐㄧㄤˇ
ce-,ㄐㄧㄝˇ
ci-,ㄐㄧˇ
cĩn-,ㄐㄧㄣˇ
cu-,ㄐㄧㄡˇ
cẽn-,ㄐㄧㄢˇ
cõŋ-,ㄐㄩㄥˇ
cø-,ㄐㄧㄝˇ
cø̃n-,ㄐㄧㄢˇ
ʈa-,ㄓㄚˇ
ʈãŋ-,ㄓㄤˇ
ʈe-,ㄓㄜˇ
ʈi-,ㄓˇ
ʈu-,ㄓㄨˇ
ʈũŋ-,ㄓㄨㄥˇ
ʈy-,ㄓˇ
ʈo-,ㄓㄨㄛˊ
ʈɔ-,ㄓㄨㄛˊ
ʈõŋ-,ㄓㄨㄥˇ
ʈø-,ㄓㄜˇ
ʈø̃n-,ㄓㄨㄣˇ
gãŋ-,ㄍㄤˇ
ga-,ㄍㄚˇ
ge-,ㄍㄟˇ
gu-,ㄍㄨˇ
gũŋ-,ㄍㄨㄥˇ
gỹn-,ㄍㄨㄣˇ
go-,ㄍㄡˇ
gɔ-,ㄍㄡˇ
gõŋ-,ㄍㄨㄥˇ
gɔ̃ŋ-,ㄍㄨㄥˇ
gø-,ㄍㄜˇ
gø̃n-,ㄍㄥˇ
ɟa-,ㄐㄧㄚˇ
ɟãŋ-,ㄐㄧㄤˇ
ɟe-,ㄐㄧㄝˇ
ɟi-,ㄐㄧˇ
ɟy-,ㄐㄧˇ
jĩŋ-,ㄐㄧㄥˇ
ɖa-,ㄓㄚˇ
ɖe-,ㄓㄜˇ
ɖõŋ-,ㄓㄨㄥˇ
ɟø-,ㄐㄧㄡˋ
ɟõŋ-,ㄐㄩㄥˇ
ɖãŋ-,ㄓㄤˇ
ɖu-,ㄓㄨˇ
ɖũŋ-,ㄓㄨㄥˇ
ɖy-,ㄓˇ
ɖo-,ㄓㄨㄛˊ
ɖɔ-,ㄓㄨㄛˊ
ɖø-,ㄓㄜˇ
ɖĩn-,ㄓㄣˇ
ɖø̃n-,ㄓㄨㄣˇ
gẽn-,ㄍㄥˇ
gi-,ㄍㄜˇ
gẽŋ-,ㄍㄥˇ
ɟĩŋ,ㄐㄧㄥˇ
ɟu-,ㄐㄧㄡˇ
ɟũn-,ㄐㄩㄣˉ
ɟũŋ-,ㄐㄩㄥˇ
ɖẽn-,ㄓㄣˇ
ɖi-,ㄓˇ
ɖẽŋ-,ㄓㄥˇ
gy-,ㄍㄨˇ
ɟẽn-,ㄐㄧㄢˇ
ɟỹn-,ㄐㄩㄣˉ
ɟo-,ㄐㄧㄡˇ
ɟɔ-,ㄐㄧㄡˇ
ɖỹn-,ㄓㄨㄣˇ
ŋa-,ㄚˉ
ŋãŋ-,ㄤˊ
ŋe-,ㄝˋ
ŋẽn-,ㄣˉ
ŋẽŋ-,ㄣˉ
ŋu-,ㄨˇ
ŋy-,ㄩˇ
ŋo-,ㄡˇ
ŋɔ-,ㄡˇ
ŋɔ̃ŋ-,ㄨㄥˇ
ŋø-,ㄜˊ
ʈ͡ʂa-,ㄐㄧㄚˇ
ʈ͡ʂãŋ-,ㄐㄧㄤˇ
ʈ͡ʂi-,ㄐㄧˇ
ʈ͡ʂu-,ㄐㄧㄡˇ
ʈ͡ʂỹn-,ㄐㄩㄣˉ
ʈ͡ʂy-,ㄐㄩˋ
ʈ͡ʂe-,ㄐㄧㄝˇ
ʈ͡ʂẽŋ-,ㄐㄧㄢˇ
ʈ͡ʂo-,ㄐㄧㄡˇ
ʈ͡ʂɔ-,ㄐㄧㄡˇ
ɖ͡ʐãŋ-,ㄐㄧㄤˇ
ɖ͡ʐĩŋ,ㄐㄧㄥˇ
ɖ͡ʐe-,ㄐㄧㄝˇ
ɖ͡ʐẽn-,ㄐㄧㄢˇ
ɖ͡ʐa-,ㄐㄧㄚˇ
ɖ͡ʐi-,ㄐㄧˇ
ɖ͡ʐu-,ㄐㄧㄡˇ
ɖ͡ʐũŋ-,ㄐㄩㄥˇ
ɖ͡ʐy-,ㄐㄩˋ
ɖ͡ʐỹn-,ㄐㄩㄣˉ
ɖ͡ʐo-,ㄐㄧㄡˇ
ɖ͡ʐɔ-,ㄐㄧㄡˇ
ɖ͡ʐõŋ-,ㄐㄩㄥˇ
ɖ͡ʐɔ̃ŋ-,ㄐㄩㄥˇ
ɖ͡ʐø-,ㄐㄧㄝˇ
ɖ͡ʐø̃n-,ㄐㄧㄢˇ
ɲa-,ㄋㄚˇ
ɲãŋ-,ㄋㄧㄤˊ
ɲe-,ㄋㄧㄝˋ
ɲẽn-,ㄋㄧㄢˇ
ɲi-,ㄋㄧˇ
ɲĩn-,ㄋㄧㄣˊ
ɲũ-,ㄋㄧㄡˇ
ɲũŋ-,ㄋㄧㄡˇ
ɲẽŋ-,ㄋㄧㄢˇ
ɲo-,ㄋㄧㄡˇ
ɲɔ-,ㄋㄧㄡˇ
ɲø-,ㄋㄧㄝˋ
ɲø̃n-,ㄋㄧㄡˇ
ta-,ㄉㄚˇ
te-,ㄉㄟˇ
tẽn-,ㄉㄧㄢˇ
ti-,ㄉㄧˇ
tu-,ㄉㄨˇ
tũŋ-,ㄉㄨㄥˇ
ty-,ㄉㄨˇ
tỹn-,ㄉㄨㄣˉ
tẽŋ-,ㄉㄥˇ
to-,ㄉㄡˇ
tɔ-,ㄉㄡˇ
tõŋ-,ㄉㄨㄥˇ
tɔ̃ŋ-,ㄉㄨㄥˇ
tø-,ㄉㄡˇ
tø̃n-,ㄉㄨㄣˉ
ʈẽn-,ㄓㄣˇ
ʈĩn-,ㄓㄣˇ
tãŋ-,ㄉㄤˇ
tãn-,ㄉㄢˇ
dãŋ-,ㄉㄤˇ
dẽn-,ㄉㄧㄢˇ
da-,ㄉㄚˇ
de-,ㄉㄟˇ
dĩŋ,ㄉㄧㄥˇ
du-,ㄉㄨˇ
dũŋ-,ㄉㄨㄥˇ
dy-,ㄉㄨˇ
dẽŋ-,ㄉㄥˇ
dõŋ-,ㄉㄨㄥˇ
dɔ̃ŋ-,ㄉㄨㄥˇ
dø-,ㄉㄡˇ
dø̃n-,ㄉㄨㄣˉ
dỹn-,ㄉㄨㄣˉ
do-,ㄉㄡˇ
dɔ-,ㄉㄡˇ
di-,ㄉㄧˇ
na-,ㄋㄚˇ
nãŋ-,ㄋㄤˇ
ne-,ㄋㄟˇ
nẽn-,ㄋㄥˇ
ni-,ㄋㄧˇ
nu-,ㄋㄨˇ
ny-,ㄋㄩˇ
no-,ㄋㄨㄛˋ
nɔ-,ㄋㄨㄛˋ
nõŋ-,ㄋㄨㄥˇ
nø-,ㄋㄜˉ
nø̃n-,ㄋㄥˊ
pa-,ㄆㄚˊ
pãŋ-,ㄆㄤˊ
pẽn-,ㄆㄣˊ
pi-,ㄆㄧˊ
pu-,ㄆㄨˇ
pũŋ-,ㄆㄥˇ
py-,ㄆㄧˊ
pỹn-,ㄆㄣˊ
pẽŋ-,ㄆㄥˇ
pe-,ㄆㄟˊ
po-,ㄆㄛˇ
pɔ-,ㄆㄛˇ
põŋ-,ㄆㄥˇ
pø-,ㄆㄛˇ
pø̃n-,ㄆㄣˊ
ʈ͡ʂẽn-,ㄐㄧㄢˇ
ʈ͡ʂĩn-,ㄐㄧㄣˇ
ʈ͡ʂũŋ-,ㄐㄩㄥˇ
ʈ͡ʂø̃n-,ㄐㄧㄢˇ
ʈ͡ʂø-,ㄐㄧㄝˇ
ʈỹn-,ㄓㄨㄣˇ
ʈẽŋ-,ㄓㄥˇ
bãŋ-,ㄆㄤˊ
be-,ㄆㄟˊ
ba-,ㄆㄚˊ
bi-,ㄆㄧˊ
bu-,ㄆㄨˇ
bũŋ-,ㄆㄥˇ
by-,ㄆㄧˊ
bỹn-,ㄆㄣˊ
bẽn-,ㄆㄣˊ
bo-,ㄆㄛˇ
bɔ-,ㄆㄛˇ
bõŋ-,ㄆㄥˇ
bø-,ㄆㄛˇ
ɖ͡ʐĩn-,ㄐㄧㄣˇ
ɖĩŋ,ㄓㄣˇ
bø̃n-,ㄆㄣˊ
ma-,ㄇㄚˇ
me-,ㄇㄟˇ
mi-,ㄇㄧˇ
mĩŋ,ㄇㄧㄥˇ
mĩn-,ㄇㄧㄣˇ
mu-,ㄇㄨˇ
mỹn-,ㄇㄣˊ
my-,ㄇㄧˇ
mẽn-,ㄇㄣˊ
mo-,ㄇㄛˇ
mɔ-,ㄇㄛˇ
mõŋ-,ㄇㄥˇ
mø-,ㄇㄛˇ
mø̃n-,ㄇㄣˊ
ɲu-,ㄋㄧㄡˇ
ɲõŋ-,ㄋㄧㄡˇ
mãŋ-,ㄇㄤˇ
t͡sa-,ㄘㄚˉ
t͡se-,ㄘㄨㄟˇ
t͡si-,ㄘˇ
t͡so-,ㄘㄨㄛˋ
t͡su-,ㄘㄨˉ
ʈ͡ʂõŋ-,ㄐㄩㄥˇ
t͡sɔ-,ㄘㄨㄛˋ
d͡zãŋ-,ㄗㄤˉ
d͡ze-,ㄗㄨㄟˇ
d͡za-,ㄗㄚˊ
d͡zu-,ㄗㄨˇ
d͡zo-,ㄗㄡˇ
d͡zɔ-,ㄗㄡˇ
d͡zø-,ㄗㄜˇ
d͡zẽn-,ㄗㄣˇ
d͡zi-,ㄗˇ
d͡zĩŋ,ㄗㄥˉ
d͡zĩn-,ㄗㄣˇ
d͡zy-,ㄗㄨˇ
d͡zẽŋ-,ㄗㄥˉ
d͡zõŋ-,ㄗㄨㄥˇ
d͡zɔ̃ŋ-,ㄗㄨㄥˇ
d͡zỹn-,ㄗㄨㄣˇ
wa-,ㄨㄚˇ
wãŋ-,ㄨㄤˇ
wũŋ-,ㄨㄤˇ
wỹn-,ㄨㄣˇ
we-,ㄨㄟˋ
wẽn-,ㄨㄣˇ
ɕa-,ㄒㄧㄚˊ
ɕãŋ-,ㄒㄧㄤˇ
ɕe-,ㄒㄧㄝˇ
ɕẽn-,ㄒㄧㄢˇ
ɕi-,ㄒㄧˇ
ɕu-,ㄒㄧㄡˇ
ɕũŋ-,ㄒㄩㄥˊ
ɕy-,ㄒㄩˇ
ɕỹn-,ㄒㄩㄣˊ
ɕẽŋ-,ㄒㄧㄢˇ
ɕo-,ㄒㄧㄡˇ
ɕɔ-,ㄒㄧㄡˇ
ɕø-,ㄒㄧㄝˇ
ɕø̃n-,ㄒㄧㄢˇ
ɕõŋ-,ㄒㄩㄥˊ
ɕĩn-,ㄒㄧㄣˇ
sa-,ㄙㄚˇ
sãŋ-,ㄙㄤˇ
se-,ㄙㄨㄟˇ
sẽn-,ㄙㄢˇ
si-,ㄙˉ
sĩn-,ㄙㄣˉ
sũŋ-,ㄙㄨㄥˇ
sỹn-,ㄙㄨㄣˇ
so-,ㄙㄨㄛˇ
sɔ-,ㄙㄨㄛˇ
sõŋ-,ㄙㄨㄥˇ
sɔ̃ŋ-,ㄙㄨㄥˇ
sø̃n-,ㄙㄨㄣˇ
sø-,ㄙㄨㄛˇ
su-,ㄙㄨˊ
sy-,ㄙㄨˊ
sẽŋ-,ㄙㄥˉ
a-,ㄚˉ
ãŋ-,ㄤˊ
ẽn-,ㄣˉ
i-,ㄧˇ
u-,ㄩˇ
o-,ㄡˇ
ø-,ㄡˇ
ɔ-,ㄡˇ
wu-,ㄨˇ
y-,ㄩˇ
ỹn-,ㄩㄣˇ
wo-,ㄨㄛˇ
wɔ-,ㄨㄛˇ
wõŋ-,ㄨㄥˇ
wø-,ㄨㄛˇ
wø̃n-,ㄨㄣˇ
ja-,ㄧㄚˇ
jãŋ-,ㄧㄤˇ
je-,ㄧㄝˇ
jẽn-,ㄧㄢˇ
ji-,ㄧˇ
jĩn-,ㄧㄣˇ
ju-,ㄧㄡˇ
jũŋ-,ㄩㄥˇ
jy-,ㄩˇ
jỹn-,ㄩㄣˇ
jẽŋ-,ㄧㄢˇ
jo-,ㄧㄡˇ
jɔ-,ㄧㄡˇ
jõŋ-,ㄩㄥˇ
jø-,ㄧㄡˇ
jø̃n-,ㄩㄣˇ
ra-,ㄖㄤˇ
rãŋ-,ㄖㄤˇ
re-,ㄖㄜˇ
rẽn-,ㄖㄣˇ
ri-,ㄖˋ
rĩŋ,ㄖㄣˇ
rĩn-,ㄖㄣˇ
ru-,ㄖㄨˇ
rũŋ-,ㄖㄨㄥˇ
ry-,ㄖㄨˇ
rẽŋ-,ㄖㄥˇ
ro-,ㄖㄡˊ
rɔ-,ㄖㄡˊ
rõŋ-,ㄖㄨㄥˇ
rø-,ㄖˋ
la-,ㄌㄚˇ
lãŋ-,ㄌㄤˇ
le-,ㄌㄟˇ
lẽn-,ㄌㄧㄢˇ
lẽŋ-,ㄌㄥˇ
li-,ㄌㄧˇ
lu-,ㄌㄨˇ
lũŋ-,ㄌㄨㄥˇ
ly-,ㄌㄩˇ
lỹn-,ㄌㄨㄣˊ
lo-,ㄌㄡˇ
lɔ-,ㄌㄡˇ
lõŋ-,ㄌㄨㄥˇ
lø-,ㄌㄜˋ
lø̃n-,ㄌㄥˇ